32,32,32,32,32,32,64,32,0,32,0,32,0,0,0,0,32,32,32,32,32
32,32,32,32,32,32,192,32,0,32,0,32,0,0,0,0,32,32,32,96,96
32,32,32,32,32,32,320,32,0,32,0,32,0,0,0,0,32,32,32,160,160
32,32,32,32,32,32,448,32,0,32,0,32,0,0,0,0,32,32,32,224,224
32,32,32,32,32,32,576,32,0,32,0,32,0,0,0,0,32,32,32,288,288
32,32,32,32,32,32,704,32,0,32,0,32,0,0,0,0,32,32,32,352,352
32,32,32,32,32,32,832,32,0,32,0,32,0,0,0,0,32,32,32,416,416
32,32,32,32,32,32,960,32,0,32,0,32,0,0,0,0,32,32,32,480,480
32,32,32,32,32,32,1088,32,0,32,0,32,0,0,0,0,32,32,32,544,544
32,32,32,32,32,32,1216,32,0,32,0,32,0,0,0,0,32,32,32,608,608
32,32,32,32,32,32,1344,32,0,32,0,32,0,0,0,0,32,32,32,672,672
32,32,32,32,32,32,1472,32,0,32,0,32,0,0,0,0,32,32,32,736,736
32,32,32,32,32,32,1600,32,0,32,0,32,0,0,0,0,32,32,32,800,800
32,32,32,32,32,32,1728,32,0,32,0,32,0,0,0,0,32,32,32,864,864
32,32,32,32,32,32,1856,32,0,32,0,32,0,0,0,0,32,32,32,928,928
32,32,32,32,32,32,1984,32,0,32,0,32,0,0,0,0,32,32,32,992,992
32,32,32,32,32,32,2112,32,0,32,0,32,0,0,0,0,32,32,32,1056,1056
32,32,32,32,32,32,2240,32,0,32,0,32,0,0,0,0,32,32,32,1120,1120
32,32,32,32,32,32,2368,32,0,32,0,32,0,0,0,0,32,32,32,1184,1184
32,32,32,32,32,32,2496,32,0,32,0,32,0,0,0,0,32,32,32,1248,1248
32,32,32,32,32,32,2624,32,0,32,0,32,0,0,0,0,32,32,32,1312,1312
32,32,32,32,32,32,2752,32,0,32,0,32,0,0,0,0,32,32,32,1376,1376
32,32,32,32,32,32,2880,32,0,32,0,32,0,0,0,0,32,32,32,1440,1440
32,32,32,32,32,32,3008,32,0,32,0,32,0,0,0,0,32,32,32,1504,1504
32,32,32,32,32,32,3136,32,0,32,0,32,0,0,0,0,32,32,32,1568,1568
32,32,32,32,32,32,3264,32,0,32,0,32,0,0,0,0,32,32,32,1632,1632
32,32,32,32,32,32,3392,32,0,32,0,32,0,0,0,0,32,32,32,1696,1696
32,32,32,32,32,32,3520,32,0,32,0,32,0,0,0,0,32,32,32,1760,1760
32,32,32,32,32,32,3648,32,0,32,0,32,0,0,0,0,32,32,32,1824,1824
32,32,32,32,32,32,3776,32,0,32,0,32,0,0,0,0,32,32,32,1888,1888
32,32,32,32,32,32,3904,32,0,32,0,32,0,0,0,0,32,32,32,1952,1952
32,32,32,32,32,32,4032,32,0,32,0,32,0,0,0,0,32,32,32,2016,2016
96,96,96,96,96,96,192,96,0,96,0,96,0,0,0,0,96,96,96,32,32
96,0,0,0,0,0,0,0,0,0,0,0,0,0,0,0,96,0,96,96,96
96,96,96,96,96,96,960,96,0,96,0,96,0,0,0,0,96,96,96,160,160
96,96,96,96,96,96,1344,96,0,96,0,96,0,0,0,0,96,96,96,224,224
96,0,0,0,0,0,0,0,0,0,0,0,0,0,0,0,96,0,96,288,288
96,0,0,0,0,0,0,0,0,0,0,0,0,0,0,0,96,0,96,352,352
96,0,0,0,0,0,0,0,0,0,0,0,0,0,0,0,96,0,96,416,416
96,0,0,0,0,0,0,0,0,0,0,0,0,0,0,0,96,0,96,480,480
96,0,0,0,0,0,0,0,0,0,0,0,0,0,0,0,96,0,96,544,544
96,0,0,0,0,0,0,0,0,0,0,0,0,0,0,0,96,0,96,608,608
96,0,0,0,0,0,0,0,0,0,0,0,0,0,0,0,96,0,96,672,672
96,0,0,0,0,0,0,0,0,0,0,0,0,0,0,0,96,0,96,736,736
96,96,96,96,96,96,4800,96,0,96,0,96,0,0,0,0,96,96,96,800,800
96,96,96,96,96,96,5184,96,0,96,0,96,0,0,0,0,96,96,96,864,864
96,96,96,96,96,96,5568,96,0,96,0,96,0,0,0,0,96,96,96,928,928
96,0,0,0,0,0,0,0,0,0,0,0,0,0,0,0,96,0,96,992,992
96,96,96,96,96,96,6336,96,0,96,0,96,0,0,0,0,96,96,96,1056,1056
96,0,0,0,0,0,0,0,0,0,0,0,0,0,0,0,96,0,96,1120,1120
96,96,96,96,96,96,7104,96,0,96,0,96,0,0,0,0,96,96,96,1184,1184
96,96,96,96,96,96,7488,96,0,96,0,96,0,0,0,0,96,96,96,1248,1248
96,0,0,0,0,0,0,0,0,0,0,0,0,0,0,0,96,0,96,1312,1312
96,96,96,96,96,96,8256,96,0,96,0,96,0,0,0,0,96,96,96,1376,1376
96,96,96,96,96,96,8640,96,0,96,0,96,0,0,0,0,96,96,96,1440,1440
96,96,96,96,96,96,9024,96,0,96,0,96,0,0,0,0,96,96,96,1504,1504
96,96,96,96,96,96,9408,96,0,96,0,96,0,0,0,0,96,96,96,1568,1568
96,96,96,96,96,96,9792,96,0,96,0,96,0,0,0,0,96,96,96,1632,1632
96,96,96,96,96,96,10176,96,0,96,0,96,0,0,0,0,96,96,96,1696,1696
96,96,96,96,96,96,10560,96,0,96,0,96,0,0,0,0,96,96,96,1760,1760
96,96,96,96,96,96,10944,96,0,96,0,96,0,0,0,0,96,96,96,1824,1824
96,96,96,96,96,96,11328,96,0,96,0,96,0,0,0,0,96,96,96,1888,1888
96,96,96,96,96,96,11712,96,0,96,0,96,0,0,0,0,96,96,96,1952,1952
96,96,96,96,96,96,12096,96,0,96,0,96,0,0,0,0,96,96,96,2016,2016
160,0,0,0,0,0,0,0,0,0,0,0,0,0,0,0,160,0,160,32,32
160,0,0,0,0,0,0,0,0,0,0,0,0,0,0,0,160,0,160,96,96
160,160,160,160,160,160,1600,160,0,160,0,160,0,0,0,0,160,160,160,160,160
160,0,0,0,0,0,0,0,0,0,0,0,0,0,0,0,160,0,160,224,224
160,0,0,0,0,0,0,0,0,0,0,0,0,0,0,0,160,0,160,288,288
160,0,0,0,0,0,0,0,0,0,0,0,0,0,0,0,160,0,160,352,352
160,0,0,0,0,0,0,0,0,0,0,0,0,0,0,0,160,0,160,416,416
160,0,0,0,0,0,0,0,0,0,0,0,0,0,0,0,160,0,160,480,480
160,0,0,0,0,0,0,0,0,0,0,0,0,0,0,0,160,0,160,544,544
160,0,0,0,0,0,0,0,0,0,0,0,0,0,0,0,160,0,160,608,608
160,160,160,160,160,160,6720,160,0,160,0,160,0,0,0,0,160,160,160,672,672
160,160,160,160,160,160,7360,160,0,160,0,160,0,0,0,0,160,160,160,736,736
160,160,160,160,160,160,8000,160,0,160,0,160,0,0,0,0,160,160,160,800,800
160,160,160,160,160,160,8640,160,0,160,0,160,0,0,0,0,160,160,160,864,864
160,0,0,0,0,0,0,0,0,0,0,0,0,0,0,0,160,0,160,928,928
160,0,0,0,0,0,0,0,0,0,0,0,0,0,0,0,160,0,160,992,992
160,160,160,160,160,160,10560,160,0,160,0,160,0,0,0,0,160,160,160,1056,1056
160,0,0,0,0,0,0,0,0,0,0,0,0,0,0,0,160,0,160,1120,1120
160,160,160,160,160,160,11840,160,0,160,0,160,0,0,0,0,160,160,160,1184,1184
160,0,0,0,0,0,0,0,0,0,0,0,0,0,0,0,160,0,160,1248,1248
160,0,0,0,0,0,0,0,0,0,0,0,0,0,0,0,160,0,160,1312,1312
160,0,0,0,0,0,0,0,0,0,0,0,0,0,0,0,160,0,160,1376,1376
160,0,0,0,0,0,0,0,0,0,0,0,0,0,0,0,160,0,160,1440,1440
160,160,160,160,160,160,15040,160,0,160,0,160,0,0,0,0,160,160,160,1504,1504
160,160,160,160,160,160,15680,160,0,160,0,160,0,0,0,0,160,160,160,1568,1568
160,160,160,160,160,160,16320,160,0,160,0,160,0,0,0,0,160,160,160,1632,1632
160,160,160,160,160,160,16960,160,0,160,0,160,0,0,0,0,160,160,160,1696,1696
160,160,160,160,160,160,17600,160,0,160,0,160,0,0,0,0,160,160,160,1760,1760
160,160,160,160,160,160,18240,160,0,160,0,160,0,0,0,0,160,160,160,1824,1824
160,160,160,160,160,160,18880,160,0,160,0,160,0,0,0,0,160,160,160,1888,1888
160,160,160,160,160,160,19520,160,0,160,0,160,0,0,0,0,160,160,160,1952,1952
160,160,160,160,160,160,20160,160,0,160,0,160,0,0,0,0,160,160,160,2016,2016
224,0,0,0,0,0,0,0,0,0,0,0,0,0,0,0,224,0,224,32,32
224,0,0,0,0,0,0,0,0,0,0,0,0,0,0,0,224,0,224,96,96
224,0,0,0,0,0,0,0,0,0,0,0,0,0,0,0,224,0,224,160,160
224,0,0,0,0,0,0,0,0,0,0,0,0,0,0,0,224,0,224,224,224
224,0,0,0,0,0,0,0,0,0,0,0,0,0,0,0,224,0,224,288,288
224,0,0,0,0,0,0,0,0,0,0,0,0,0,0,0,224,0,224,352,352
224,0,0,0,0,0,0,0,0,0,0,0,0,0,0,0,224,0,224,416,416
224,0,0,0,0,0,0,0,0,0,0,0,0,0,0,0,224,0,224,480,480
224,0,0,0,0,0,0,0,0,0,0,0,0,0,0,0,224,0,224,544,544
224,0,0,0,0,0,0,0,0,0,0,0,0,0,0,0,224,0,224,608,608
224,0,0,0,0,0,0,0,0,0,0,0,0,0,0,0,224,0,224,672,672
224,0,0,0,0,0,0,0,0,0,0,0,0,0,0,0,224,0,224,736,736
224,0,0,0,0,0,0,0,0,0,0,0,0,0,0,0,224,0,224,800,800
224,224,224,224,224,224,12096,224,0,224,0,224,0,0,0,0,224,224,224,864,864
224,224,224,224,224,224,12992,224,0,224,0,224,0,0,0,0,224,224,224,928,928
224,0,0,0,0,0,0,0,0,0,0,0,0,0,0,0,224,0,224,992,992
224,224,224,224,224,224,14784,224,0,224,0,224,0,0,0,0,224,224,224,1056,1056
224,224,224,224,224,224,15680,224,0,224,0,224,0,0,0,0,224,224,224,1120,1120
224,224,224,224,224,224,16576,224,0,224,0,224,0,0,0,0,224,224,224,1184,1184
224,224,224,224,224,224,17472,224,0,224,0,224,0,0,0,0,224,224,224,1248,1248
224,0,0,0,0,0,0,0,0,0,0,0,0,0,0,0,224,0,224,1312,1312
224,0,0,0,0,0,0,0,0,0,0,0,0,0,0,0,224,0,224,1376,1376
224,224,224,224,224,224,20160,224,0,224,0,224,0,0,0,0,224,224,224,1440,1440
224,224,224,224,224,224,21056,224,0,224,0,224,0,0,0,0,224,224,224,1504,1504
224,224,224,224,224,224,21952,224,0,224,0,224,0,0,0,0,224,224,224,1568,1568
224,224,224,224,224,224,22848,224,0,224,0,224,0,0,0,0,224,224,224,1632,1632
224,224,224,224,224,224,23744,224,0,224,0,224,0,0,0,0,224,224,224,1696,1696
224,224,224,224,224,224,24640,224,0,224,0,224,0,0,0,0,224,224,224,1760,1760
224,224,224,224,224,224,25536,224,0,224,0,224,0,0,0,0,224,224,224,1824,1824
224,224,224,224,224,224,26432,224,0,224,0,224,0,0,0,0,224,224,224,1888,1888
224,224,224,224,224,224,27328,224,0,224,0,224,0,0,0,0,224,224,224,1952,1952
224,224,224,224,224,224,28224,224,0,224,0,224,0,0,0,0,224,224,224,2016,2016
288,288,288,288,288,288,576,288,0,288,0,288,0,0,0,0,288,288,288,32,32
288,288,288,288,288,288,1728,288,0,288,0,288,0,0,0,0,288,288,288,96,96
288,0,0,0,0,0,0,0,0,0,0,0,0,0,0,0,288,0,288,160,160
288,0,0,0,0,0,0,0,0,0,0,0,0,0,0,0,288,0,288,224,224
288,0,0,0,0,0,0,0,0,0,0,0,0,0,0,0,288,0,288,288,288
288,0,0,0,0,0,0,0,0,0,0,0,0,0,0,0,288,0,288,352,352
288,0,0,0,0,0,0,0,0,0,0,0,0,0,0,0,288,0,288,416,416
288,288,288,288,288,288,8640,288,0,288,0,288,0,0,0,0,288,288,288,480,480
288,0,0,0,0,0,0,0,0,0,0,0,0,0,0,0,288,0,288,544,544
288,0,0,0,0,0,0,0,0,0,0,0,0,0,0,0,288,0,288,608,608
288,0,0,0,0,0,0,0,0,0,0,0,0,0,0,0,288,0,288,672,672
288,288,288,288,288,288,13248,288,0,288,0,288,0,0,0,0,288,288,288,736,736
288,0,0,0,0,0,0,0,0,0,0,0,0,0,0,0,288,0,288,800,800
288,288,288,288,288,288,15552,288,0,288,0,288,0,0,0,0,288,288,288,864,864
288,288,288,288,288,288,16704,288,0,288,0,288,0,0,0,0,288,288,288,928,928
288,0,0,0,0,0,0,0,0,0,0,0,0,0,0,0,288,0,288,992,992
288,288,288,288,288,288,19008,288,0,288,0,288,0,0,0,0,288,288,288,1056,1056
288,288,288,288,288,288,20160,288,0,288,0,288,0,0,0,0,288,288,288,1120,1120
288,288,288,288,288,288,21312,288,0,288,0,288,0,0,0,0,288,288,288,1184,1184
288,0,0,0,0,0,0,0,0,0,0,0,0,0,0,0,288,0,288,1248,1248
288,288,288,288,288,288,23616,288,0,288,0,288,0,0,0,0,288,288,288,1312,1312
288,288,288,288,288,288,24768,288,0,288,0,288,0,0,0,0,288,288,288,1376,1376
288,288,288,288,288,288,25920,288,0,288,0,288,0,0,0,0,288,288,288,1440,1440
288,0,0,0,0,0,0,0,0,0,0,0,0,0,0,0,288,0,288,1504,1504
288,288,288,288,288,288,28224,288,0,288,0,288,0,0,0,0,288,288,288,1568,1568
288,288,288,288,288,288,29376,288,0,288,0,288,0,0,0,0,288,288,288,1632,1632
288,288,288,288,288,288,30528,288,0,288,0,288,0,0,0,0,288,288,288,1696,1696
288,288,288,288,288,288,31680,288,0,288,0,288,0,0,0,0,288,288,288,1760,1760
288,288,288,288,288,288,32832,288,0,288,0,288,0,0,0,0,288,288,288,1824,1824
288,288,288,288,288,288,33984,288,0,288,0,288,0,0,0,0,288,288,288,1888,1888
288,288,288,288,288,288,35136,288,0,288,0,288,0,0,0,0,288,288,288,1952,1952
288,288,288,288,288,288,36288,288,0,288,0,288,0,0,0,0,288,288,288,2016,2016
352,0,0,0,0,0,0,0,0,0,0,0,0,0,0,0,352,0,352,32,32
352,0,0,0,0,0,0,0,0,0,0,0,0,0,0,0,352,0,352,96,96
352,0,0,0,0,0,0,0,0,0,0,0,0,0,0,0,352,0,352,160,160
352,0,0,0,0,0,0,0,0,0,0,0,0,0,0,0,352,0,352,224,224
352,0,0,0,0,0,0,0,0,0,0,0,0,0,0,0,352,0,352,288,288
352,0,0,0,0,0,0,0,0,0,0,0,0,0,0,0,352,0,352,352,352
352,0,0,0,0,0,0,0,0,0,0,0,0,0,0,0,352,0,352,416,416
352,0,0,0,0,0,0,0,0,0,0,0,0,0,0,0,352,0,352,480,480
352,0,0,0,0,0,0,0,0,0,0,0,0,0,0,0,352,0,352,544,544
352,0,0,0,0,0,0,0,0,0,0,0,0,0,0,0,352,0,352,608,608
352,352,352,352,352,352,14784,352,0,352,0,352,0,0,0,0,352,352,352,672,672
352,352,352,352,352,352,16192,352,0,352,0,352,0,0,0,0,352,352,352,736,736
352,352,352,352,352,352,17600,352,0,352,0,352,0,0,0,0,352,352,352,800,800
352,0,0,0,0,0,0,0,0,0,0,0,0,0,0,0,352,0,352,864,864
352,352,352,352,352,352,20416,352,0,352,0,352,0,0,0,0,352,352,352,928,928
352,352,352,352,352,352,21824,352,0,352,0,352,0,0,0,0,352,352,352,992,992
352,352,352,352,352,352,23232,352,0,352,0,352,0,0,0,0,352,352,352,1056,1056
352,352,352,352,352,352,24640,352,0,352,0,352,0,0,0,0,352,352,352,1120,1120
352,352,352,352,352,352,26048,352,0,352,0,352,0,0,0,0,352,352,352,1184,1184
352,0,0,0,0,0,0,0,0,0,0,0,0,0,0,0,352,0,352,1248,1248
352,352,352,352,352,352,28864,352,0,352,0,352,0,0,0,0,352,352,352,1312,1312
352,0,0,0,0,0,0,0,0,0,0,0,0,0,0,0,352,0,352,1376,1376
352,352,352,352,352,352,31680,352,0,352,0,352,0,0,0,0,352,352,352,1440,1440
352,352,352,352,352,352,33088,352,0,352,0,352,0,0,0,0,352,352,352,1504,1504
352,352,352,352,352,352,34496,352,0,352,0,352,0,0,0,0,352,352,352,1568,1568
352,352,352,352,352,352,35904,352,0,352,0,352,0,0,0,0,352,352,352,1632,1632
352,352,352,352,352,352,37312,352,0,352,0,352,0,0,0,0,352,352,352,1696,1696
352,352,352,352,352,352,38720,352,0,352,0,352,0,0,0,0,352,352,352,1760,1760
352,352,352,352,352,352,40128,352,0,352,0,352,0,0,0,0,352,352,352,1824,1824
352,352,352,352,352,352,41536,352,0,352,0,352,0,0,0,0,352,352,352,1888,1888
352,352,352,352,352,352,42944,352,0,352,0,352,0,0,0,0,352,352,352,1952,1952
352,352,352,352,352,352,44352,352,0,352,0,352,0,0,0,0,352,352,352,2016,2016
416,416,416,416,416,416,832,416,0,416,0,416,0,0,0,0,416,416,416,32,32
416,0,0,0,0,0,0,0,0,0,0,0,0,0,0,0,416,0,416,96,96
416,0,0,0,0,0,0,0,0,0,0,0,0,0,0,0,416,0,416,160,160
416,0,0,0,0,0,0,0,0,0,0,0,0,0,0,0,416,0,416,224,224
416,0,0,0,0,0,0,0,0,0,0,0,0,0,0,0,416,0,416,288,288
416,0,0,0,0,0,0,0,0,0,0,0,0,0,0,0,416,0,416,352,352
416,0,0,0,0,0,0,0,0,0,0,0,0,0,0,0,416,0,416,416,416
416,0,0,0,0,0,0,0,0,0,0,0,0,0,0,0,416,0,416,480,480
416,0,0,0,0,0,0,0,0,0,0,0,0,0,0,0,416,0,416,544,544
416,416,416,416,416,416,15808,416,0,416,0,416,0,0,0,0,416,416,416,608,608
416,416,416,416,416,416,17472,416,0,416,0,416,0,0,0,0,416,416,416,672,672
416,0,0,0,0,0,0,0,0,0,0,0,0,0,0,0,416,0,416,736,736
416,0,0,0,0,0,0,0,0,0,0,0,0,0,0,0,416,0,416,800,800
416,0,0,0,0,0,0,0,0,0,0,0,0,0,0,0,416,0,416,864,864
416,416,416,416,416,416,24128,416,0,416,0,416,0,0,0,0,416,416,416,928,928
416,416,416,416,416,416,25792,416,0,416,0,416,0,0,0,0,416,416,416,992,992
416,0,0,0,0,0,0,0,0,0,0,0,0,0,0,0,416,0,416,1056,1056
416,0,0,0,0,0,0,0,0,0,0,0,0,0,0,0,416,0,416,1120,1120
416,0,0,0,0,0,0,0,0,0,0,0,0,0,0,0,416,0,416,1184,1184
416,416,416,416,416,416,32448,416,0,416,0,416,0,0,0,0,416,416,416,1248,1248
416,416,416,416,416,416,34112,416,0,416,0,416,0,0,0,0,416,416,416,1312,1312
416,0,0,0,0,0,0,0,0,0,0,0,0,0,0,0,416,0,416,1376,1376
416,416,416,416,416,416,37440,416,0,416,0,416,0,0,0,0,416,416,416,1440,1440
416,416,416,416,416,416,39104,416,0,416,0,416,0,0,0,0,416,416,416,1504,1504
416,416,416,416,416,416,40768,416,0,416,0,416,0,0,0,0,416,416,416,1568,1568
416,416,416,416,416,416,42432,416,0,416,0,416,0,0,0,0,416,416,416,1632,1632
416,416,416,416,416,416,44096,416,0,416,0,416,0,0,0,0,416,416,416,1696,1696
416,416,416,416,416,416,45760,416,0,416,0,416,0,0,0,0,416,416,416,1760,1760
416,416,416,416,416,416,47424,416,0,416,0,416,0,0,0,0,416,416,416,1824,1824
416,416,416,416,416,416,49088,416,0,416,0,416,0,0,0,0,416,416,416,1888,1888
416,416,416,416,416,416,50752,416,0,416,0,416,0,0,0,0,416,416,416,1952,1952
416,416,416,416,416,416,52416,416,0,416,0,416,0,0,0,0,416,416,416,2016,2016
480,480,480,480,480,480,960,480,0,480,0,480,0,0,0,0,480,480,480,32,32
480,0,0,0,0,0,0,0,0,0,0,0,0,0,0,0,480,0,480,96,96
480,0,0,0,0,0,0,0,0,0,0,0,0,0,0,0,480,0,480,160,160
480,0,0,0,0,0,0,0,0,0,0,0,0,0,0,0,480,0,480,224,224
480,0,0,0,0,0,0,0,0,0,0,0,0,0,0,0,480,0,480,288,288
480,480,480,480,480,480,10560,480,0,480,0,480,0,0,0,0,480,480,480,352,352
480,0,0,0,0,0,0,0,0,0,0,0,0,0,0,0,480,0,480,416,416
480,0,0,0,0,0,0,0,0,0,0,0,0,0,0,0,480,0,480,480,480
480,480,480,480,480,480,16320,480,0,480,0,480,0,0,0,0,480,480,480,544,544
480,480,480,480,480,480,18240,480,0,480,0,480,0,0,0,0,480,480,480,608,608
480,0,0,0,0,0,0,0,0,0,0,0,0,0,0,0,480,0,480,672,672
480,480,480,480,480,480,22080,480,0,480,0,480,0,0,0,0,480,480,480,736,736
480,0,0,0,0,0,0,0,0,0,0,0,0,0,0,0,480,0,480,800,800
480,0,0,0,0,0,0,0,0,0,0,0,0,0,0,0,480,0,480,864,864
480,480,480,480,480,480,27840,480,0,480,0,480,0,0,0,0,480,480,480,928,928
480,480,480,480,480,480,29760,480,0,480,0,480,0,0,0,0,480,480,480,992,992
480,480,480,480,480,480,31680,480,0,480,0,480,0,0,0,0,480,480,480,1056,1056
480,0,0,0,0,0,0,0,0,0,0,0,0,0,0,0,480,0,480,1120,1120
480,480,480,480,480,480,35520,480,0,480,0,480,0,0,0,0,480,480,480,1184,1184
480,480,480,480,480,480,37440,480,0,480,0,480,0,0,0,0,480,480,480,1248,1248
480,0,0,0,0,0,0,0,0,0,0,0,0,0,0,0,480,0,480,1312,1312
480,480,480,480,480,480,41280,480,0,480,0,480,0,0,0,0,480,480,480,1376,1376
480,0,0,0,0,0,0,0,0,0,0,0,0,0,0,0,480,0,480,1440,1440
480,0,0,0,0,0,0,0,0,0,0,0,0,0,0,0,480,0,480,1504,1504
480,480,480,480,480,480,47040,480,0,480,0,480,0,0,0,0,480,480,480,1568,1568
480,480,480,480,480,480,48960,480,0,480,0,480,0,0,0,0,480,480,480,1632,1632
480,480,480,480,480,480,50880,480,0,480,0,480,0,0,0,0,480,480,480,1696,1696
480,480,480,480,480,480,52800,480,0,480,0,480,0,0,0,0,480,480,480,1760,1760
480,480,480,480,480,480,54720,480,0,480,0,480,0,0,0,0,480,480,480,1824,1824
480,480,480,480,480,480,56640,480,0,480,0,480,0,0,0,0,480,480,480,1888,1888
480,480,480,480,480,480,58560,480,0,480,0,480,0,0,0,0,480,480,480,1952,1952
480,480,480,480,480,480,60480,480,0,480,0,480,0,0,0,0,480,480,480,2016,2016
544,544,544,544,544,544,1088,544,0,544,0,544,0,0,0,0,544,544,544,32,32
544,0,0,0,0,0,0,0,0,0,0,0,0,0,0,0,544,0,544,96,96
544,544,544,544,544,544,5440,544,0,544,0,544,0,0,0,0,544,544,544,160,160
544,0,0,0,0,0,0,0,0,0,0,0,0,0,0,0,544,0,544,224,224
544,0,0,0,0,0,0,0,0,0,0,0,0,0,0,0,544,0,544,288,288
544,0,0,0,0,0,0,0,0,0,0,0,0,0,0,0,544,0,544,352,352
544,0,0,0,0,0,0,0,0,0,0,0,0,0,0,0,544,0,544,416,416
544,544,544,544,544,544,16320,544,0,544,0,544,0,0,0,0,544,544,544,480,480
544,0,0,0,0,0,0,0,0,0,0,0,0,0,0,0,544,0,544,544,544
544,0,0,0,0,0,0,0,0,0,0,0,0,0,0,0,544,0,544,608,608
544,0,0,0,0,0,0,0,0,0,0,0,0,0,0,0,544,0,544,672,672
544,0,0,0,0,0,0,0,0,0,0,0,0,0,0,0,544,0,544,736,736
544,0,0,0,0,0,0,0,0,0,0,0,0,0,0,0,544,0,544,800,800
544,0,0,0,0,0,0,0,0,0,0,0,0,0,0,0,544,0,544,864,864
544,0,0,0,0,0,0,0,0,0,0,0,0,0,0,0,544,0,544,928,928
544,0,0,0,0,0,0,0,0,0,0,0,0,0,0,0,544,0,544,992,992
544,544,544,544,544,544,35904,544,0,544,0,544,0,0,0,0,544,544,544,1056,1056
544,0,0,0,0,0,0,0,0,0,0,0,0,0,0,0,544,0,544,1120,1120
544,544,544,544,544,544,40256,544,0,544,0,544,0,0,0,0,544,544,544,1184,1184
544,544,544,544,544,544,42432,544,0,544,0,544,0,0,0,0,544,544,544,1248,1248
544,544,544,544,544,544,44608,544,0,544,0,544,0,0,0,0,544,544,544,1312,1312
544,0,0,0,0,0,0,0,0,0,0,0,0,0,0,0,544,0,544,1376,1376
544,0,0,0,0,0,0,0,0,0,0,0,0,0,0,0,544,0,544,1440,1440
544,0,0,0,0,0,0,0,0,0,0,0,0,0,0,0,544,0,544,1504,1504
544,544,544,544,544,544,53312,544,0,544,0,544,0,0,0,0,544,544,544,1568,1568
544,544,544,544,544,544,55488,544,0,544,0,544,0,0,0,0,544,544,544,1632,1632
544,544,544,544,544,544,57664,544,0,544,0,544,0,0,0,0,544,544,544,1696,1696
544,544,544,544,544,544,59840,544,0,544,0,544,0,0,0,0,544,544,544,1760,1760
544,544,544,544,544,544,62016,544,0,544,0,544,0,0,0,0,544,544,544,1824,1824
544,544,544,544,544,544,64192,544,0,544,0,544,0,0,0,0,544,544,544,1888,1888
544,544,544,544,544,544,66368,544,0,544,0,544,0,0,0,0,544,544,544,1952,1952
544,544,544,544,544,544,68544,544,0,544,0,544,0,0,0,0,544,544,544,2016,2016
608,608,608,608,608,608,1216,608,0,608,0,608,0,0,0,0,608,608,608,32,32
608,608,608,608,608,608,3648,608,0,608,0,608,0,0,0,0,608,608,608,96,96
608,0,0,0,0,0,0,0,0,0,0,0,0,0,0,0,608,0,608,160,160
608,0,0,0,0,0,0,0,0,0,0,0,0,0,0,0,608,0,608,224,224
608,0,0,0,0,0,0,0,0,0,0,0,0,0,0,0,608,0,608,288,288
608,0,0,0,0,0,0,0,0,0,0,0,0,0,0,0,608,0,608,352,352
608,0,0,0,0,0,0,0,0,0,0,0,0,0,0,0,608,0,608,416,416
608,0,0,0,0,0,0,0,0,0,0,0,0,0,0,0,608,0,608,480,480
608,0,0,0,0,0,0,0,0,0,0,0,0,0,0,0,608,0,608,544,544
608,0,0,0,0,0,0,0,0,0,0,0,0,0,0,0,608,0,608,608,608
608,0,0,0,0,0,0,0,0,0,0,0,0,0,0,0,608,0,608,672,672
608,0,0,0,0,0,0,0,0,0,0,0,0,0,0,0,608,0,608,736,736
608,0,0,0,0,0,0,0,0,0,0,0,0,0,0,0,608,0,608,800,800
608,0,0,0,0,0,0,0,0,0,0,0,0,0,0,0,608,0,608,864,864
608,608,608,608,608,608,35264,608,0,608,0,608,0,0,0,0,608,608,608,928,928
608,608,608,608,608,608,37696,608,0,608,0,608,0,0,0,0,608,608,608,992,992
608,608,608,608,608,608,40128,608,0,608,0,608,0,0,0,0,608,608,608,1056,1056
608,608,608,608,608,608,42560,608,0,608,0,608,0,0,0,0,608,608,608,1120,1120
608,608,608,608,608,608,44992,608,0,608,0,608,0,0,0,0,608,608,608,1184,1184
608,608,608,608,608,608,47424,608,0,608,0,608,0,0,0,0,608,608,608,1248,1248
608,608,608,608,608,608,49856,608,0,608,0,608,0,0,0,0,608,608,608,1312,1312
608,0,0,0,0,0,0,0,0,0,0,0,0,0,0,0,608,0,608,1376,1376
608,608,608,608,608,608,54720,608,0,608,0,608,0,0,0,0,608,608,608,1440,1440
608,0,0,0,0,0,0,0,0,0,0,0,0,0,0,0,608,0,608,1504,1504
608,0,0,0,0,0,0,0,0,0,0,0,0,0,0,0,608,0,608,1568,1568
608,608,608,608,608,608,62016,608,0,608,0,608,0,0,0,0,608,608,608,1632,1632
608,608,608,608,608,608,64448,608,0,608,0,608,0,0,0,0,608,608,608,1696,1696
608,608,608,608,608,608,66880,608,0,608,0,608,0,0,0,0,608,608,608,1760,1760
608,608,608,608,608,608,69312,608,0,608,0,608,0,0,0,0,608,608,608,1824,1824
608,608,608,608,608,608,71744,608,0,608,0,608,0,0,0,0,608,608,608,1888,1888
608,608,608,608,608,608,74176,608,0,608,0,608,0,0,0,0,608,608,608,1952,1952
608,608,608,608,608,608,76608,608,0,608,0,608,0,0,0,0,608,608,608,2016,2016
672,0,0,0,0,0,0,0,0,0,0,0,0,0,0,0,672,0,672,32,32
672,0,0,0,0,0,0,0,0,0,0,0,0,0,0,0,672,0,672,96,96
672,0,0,0,0,0,0,0,0,0,0,0,0,0,0,0,672,0,672,160,160
672,0,0,0,0,0,0,0,0,0,0,0,0,0,0,0,672,0,672,224,224
672,672,672,672,672,672,12096,672,0,672,0,672,0,0,0,0,672,672,672,288,288
672,672,672,672,672,672,14784,672,0,672,0,672,0,0,0,0,672,672,672,352,352
672,0,0,0,0,0,0,0,0,0,0,0,0,0,0,0,672,0,672,416,416
672,0,0,0,0,0,0,0,0,0,0,0,0,0,0,0,672,0,672,480,480
672,672,672,672,672,672,22848,672,0,672,0,672,0,0,0,0,672,672,672,544,544
672,0,0,0,0,0,0,0,0,0,0,0,0,0,0,0,672,0,672,608,608
672,0,0,0,0,0,0,0,0,0,0,0,0,0,0,0,672,0,672,672,672
672,0,0,0,0,0,0,0,0,0,0,0,0,0,0,0,672,0,672,736,736
672,0,0,0,0,0,0,0,0,0,0,0,0,0,0,0,672,0,672,800,800
672,672,672,672,672,672,36288,672,0,672,0,672,0,0,0,0,672,672,672,864,864
672,0,0,0,0,0,0,0,0,0,0,0,0,0,0,0,672,0,672,928,928
672,0,0,0,0,0,0,0,0,0,0,0,0,0,0,0,672,0,672,992,992
672,0,0,0,0,0,0,0,0,0,0,0,0,0,0,0,672,0,672,1056,1056
672,0,0,0,0,0,0,0,0,0,0,0,0,0,0,0,672,0,672,1120,1120
672,672,672,672,672,672,49728,672,0,672,0,672,0,0,0,0,672,672,672,1184,1184
672,0,0,0,0,0,0,0,0,0,0,0,0,0,0,0,672,0,672,1248,1248
672,0,0,0,0,0,0,0,0,0,0,0,0,0,0,0,672,0,672,1312,1312
672,672,672,672,672,672,57792,672,0,672,0,672,0,0,0,0,672,672,672,1376,1376
672,672,672,672,672,672,60480,672,0,672,0,672,0,0,0,0,672,672,672,1440,1440
672,0,0,0,0,0,0,0,0,0,0,0,0,0,0,0,672,0,672,1504,1504
672,672,672,672,672,672,65856,672,0,672,0,672,0,0,0,0,672,672,672,1568,1568
672,0,0,0,0,0,0,0,0,0,0,0,0,0,0,0,672,0,672,1632,1632
672,672,672,672,672,672,71232,672,0,672,0,672,0,0,0,0,672,672,672,1696,1696
672,672,672,672,672,672,73920,672,0,672,0,672,0,0,0,0,672,672,672,1760,1760
672,672,672,672,672,672,76608,672,0,672,0,672,0,0,0,0,672,672,672,1824,1824
672,672,672,672,672,672,79296,672,0,672,0,672,0,0,0,0,672,672,672,1888,1888
672,672,672,672,672,672,81984,672,0,672,0,672,0,0,0,0,672,672,672,1952,1952
672,672,672,672,672,672,84672,672,0,672,0,672,0,0,0,0,672,672,672,2016,2016
736,0,0,0,0,0,0,0,0,0,0,0,0,0,0,0,736,0,736,32,32
736,0,0,0,0,0,0,0,0,0,0,0,0,0,0,0,736,0,736,96,96
736,0,0,0,0,0,0,0,0,0,0,0,0,0,0,0,736,0,736,160,160
736,0,0,0,0,0,0,0,0,0,0,0,0,0,0,0,736,0,736,224,224
736,736,736,736,736,736,13248,736,0,736,0,736,0,0,0,0,736,736,736,288,288
736,0,0,0,0,0,0,0,0,0,0,0,0,0,0,0,736,0,736,352,352
736,0,0,0,0,0,0,0,0,0,0,0,0,0,0,0,736,0,736,416,416
736,0,0,0,0,0,0,0,0,0,0,0,0,0,0,0,736,0,736,480,480
736,736,736,736,736,736,25024,736,0,736,0,736,0,0,0,0,736,736,736,544,544
736,0,0,0,0,0,0,0,0,0,0,0,0,0,0,0,736,0,736,608,608
736,0,0,0,0,0,0,0,0,0,0,0,0,0,0,0,736,0,736,672,672
736,0,0,0,0,0,0,0,0,0,0,0,0,0,0,0,736,0,736,736,736
736,0,0,0,0,0,0,0,0,0,0,0,0,0,0,0,736,0,736,800,800
736,736,736,736,736,736,39744,736,0,736,0,736,0,0,0,0,736,736,736,864,864
736,736,736,736,736,736,42688,736,0,736,0,736,0,0,0,0,736,736,736,928,928
736,0,0,0,0,0,0,0,0,0,0,0,0,0,0,0,736,0,736,992,992
736,736,736,736,736,736,48576,736,0,736,0,736,0,0,0,0,736,736,736,1056,1056
736,736,736,736,736,736,51520,736,0,736,0,736,0,0,0,0,736,736,736,1120,1120
736,736,736,736,736,736,54464,736,0,736,0,736,0,0,0,0,736,736,736,1184,1184
736,736,736,736,736,736,57408,736,0,736,0,736,0,0,0,0,736,736,736,1248,1248
736,736,736,736,736,736,60352,736,0,736,0,736,0,0,0,0,736,736,736,1312,1312
736,736,736,736,736,736,63296,736,0,736,0,736,0,0,0,0,736,736,736,1376,1376
736,736,736,736,736,736,66240,736,0,736,0,736,0,0,0,0,736,736,736,1440,1440
736,736,736,736,736,736,69184,736,0,736,0,736,0,0,0,0,736,736,736,1504,1504
736,736,736,736,736,736,72128,736,0,736,0,736,0,0,0,0,736,736,736,1568,1568
736,736,736,736,736,736,75072,736,0,736,0,736,0,0,0,0,736,736,736,1632,1632
736,736,736,736,736,736,78016,736,0,736,0,736,0,0,0,0,736,736,736,1696,1696
736,736,736,736,736,736,80960,736,0,736,0,736,0,0,0,0,736,736,736,1760,1760
736,736,736,736,736,736,83904,736,0,736,0,736,0,0,0,0,736,736,736,1824,1824
736,736,736,736,736,736,86848,736,0,736,0,736,0,0,0,0,736,736,736,1888,1888
736,736,736,736,736,736,89792,736,0,736,0,736,0,0,0,0,736,736,736,1952,1952
736,736,736,736,736,736,92736,736,0,736,0,736,0,0,0,0,736,736,736,2016,2016
800,800,800,800,800,800,1600,800,0,800,0,800,0,0,0,0,800,800,800,32,32
800,0,0,0,0,0,0,0,0,0,0,0,0,0,0,0,800,0,800,96,96
800,0,0,0,0,0,0,0,0,0,0,0,0,0,0,0,800,0,800,160,160
800,0,0,0,0,0,0,0,0,0,0,0,0,0,0,0,800,0,800,224,224
800,800,800,800,800,800,14400,800,0,800,0,800,0,0,0,0,800,800,800,288,288
800,0,0,0,0,0,0,0,0,0,0,0,0,0,0,0,800,0,800,352,352
800,0,0,0,0,0,0,0,0,0,0,0,0,0,0,0,800,0,800,416,416
800,0,0,0,0,0,0,0,0,0,0,0,0,0,0,0,800,0,800,480,480
800,0,0,0,0,0,0,0,0,0,0,0,0,0,0,0,800,0,800,544,544
800,0,0,0,0,0,0,0,0,0,0,0,0,0,0,0,800,0,800,608,608
800,0,0,0,0,0,0,0,0,0,0,0,0,0,0,0,800,0,800,672,672
800,0,0,0,0,0,0,0,0,0,0,0,0,0,0,0,800,0,800,736,736
800,800,800,800,800,800,40000,800,0,800,0,800,0,0,0,0,800,800,800,800,800
800,800,800,800,800,800,43200,800,0,800,0,800,0,0,0,0,800,800,800,864,864
800,800,800,800,800,800,46400,800,0,800,0,800,0,0,0,0,800,800,800,928,928
800,800,800,800,800,800,49600,800,0,800,0,800,0,0,0,0,800,800,800,992,992
800,0,0,0,0,0,0,0,0,0,0,0,0,0,0,0,800,0,800,1056,1056
800,800,800,800,800,800,56000,800,0,800,0,800,0,0,0,0,800,800,800,1120,1120
800,800,800,800,800,800,59200,800,0,800,0,800,0,0,0,0,800,800,800,1184,1184
800,0,0,0,0,0,0,0,0,0,0,0,0,0,0,0,800,0,800,1248,1248
800,800,800,800,800,800,65600,800,0,800,0,800,0,0,0,0,800,800,800,1312,1312
800,800,800,800,800,800,68800,800,0,800,0,800,0,0,0,0,800,800,800,1376,1376
800,800,800,800,800,800,72000,800,0,800,0,800,0,0,0,0,800,800,800,1440,1440
800,800,800,800,800,800,75200,800,0,800,0,800,0,0,0,0,800,800,800,1504,1504
800,800,800,800,800,800,78400,800,0,800,0,800,0,0,0,0,800,800,800,1568,1568
800,800,800,800,800,800,81600,800,0,800,0,800,0,0,0,0,800,800,800,1632,1632
800,800,800,800,800,800,84800,800,0,800,0,800,0,0,0,0,800,800,800,1696,1696
800,800,800,800,800,800,88000,800,0,800,0,800,0,0,0,0,800,800,800,1760,1760
800,800,800,800,800,800,91200,800,0,800,0,800,0,0,0,0,800,800,800,1824,1824
800,800,800,800,800,800,94400,800,0,800,0,800,0,0,0,0,800,800,800,1888,1888
800,800,800,800,800,800,97600,800,0,800,0,800,0,0,0,0,800,800,800,1952,1952
800,800,800,800,800,800,100800,800,0,800,0,800,0,0,0,0,800,800,800,2016,2016
864,0,0,0,0,0,0,0,0,0,0,0,0,0,0,0,864,0,864,32,32
864,0,0,0,0,0,0,0,0,0,0,0,0,0,0,0,864,0,864,96,96
864,0,0,0,0,0,0,0,0,0,0,0,0,0,0,0,864,0,864,160,160
864,864,864,864,864,864,12096,864,0,864,0,864,0,0,0,0,864,864,864,224,224
864,0,0,0,0,0,0,0,0,0,0,0,0,0,0,0,864,0,864,288,288
864,0,0,0,0,0,0,0,0,0,0,0,0,0,0,0,864,0,864,352,352
864,0,0,0,0,0,0,0,0,0,0,0,0,0,0,0,864,0,864,416,416
864,0,0,0,0,0,0,0,0,0,0,0,0,0,0,0,864,0,864,480,480
864,0,0,0,0,0,0,0,0,0,0,0,0,0,0,0,864,0,864,544,544
864,864,864,864,864,864,32832,864,0,864,0,864,0,0,0,0,864,864,864,608,608
864,0,0,0,0,0,0,0,0,0,0,0,0,0,0,0,864,0,864,672,672
864,864,864,864,864,864,39744,864,0,864,0,864,0,0,0,0,864,864,864,736,736
864,0,0,0,0,0,0,0,0,0,0,0,0,0,0,0,864,0,864,800,800
864,864,864,864,864,864,46656,864,0,864,0,864,0,0,0,0,864,864,864,864,864
864,864,864,864,864,864,50112,864,0,864,0,864,0,0,0,0,864,864,864,928,928
864,864,864,864,864,864,53568,864,0,864,0,864,0,0,0,0,864,864,864,992,992
864,0,0,0,0,0,0,0,0,0,0,0,0,0,0,0,864,0,864,1056,1056
864,864,864,864,864,864,60480,864,0,864,0,864,0,0,0,0,864,864,864,1120,1120
864,864,864,864,864,864,63936,864,0,864,0,864,0,0,0,0,864,864,864,1184,1184
864,864,864,864,864,864,67392,864,0,864,0,864,0,0,0,0,864,864,864,1248,1248
864,0,0,0,0,0,0,0,0,0,0,0,0,0,0,0,864,0,864,1312,1312
864,864,864,864,864,864,74304,864,0,864,0,864,0,0,0,0,864,864,864,1376,1376
864,864,864,864,864,864,77760,864,0,864,0,864,0,0,0,0,864,864,864,1440,1440
864,864,864,864,864,864,81216,864,0,864,0,864,0,0,0,0,864,864,864,1504,1504
864,0,0,0,0,0,0,0,0,0,0,0,0,0,0,0,864,0,864,1568,1568
864,864,864,864,864,864,88128,864,0,864,0,864,0,0,0,0,864,864,864,1632,1632
864,864,864,864,864,864,91584,864,0,864,0,864,0,0,0,0,864,864,864,1696,1696
864,864,864,864,864,864,95040,864,0,864,0,864,0,0,0,0,864,864,864,1760,1760
864,864,864,864,864,864,98496,864,0,864,0,864,0,0,0,0,864,864,864,1824,1824
864,864,864,864,864,864,101952,864,0,864,0,864,0,0,0,0,864,864,864,1888,1888
864,864,864,864,864,864,105408,864,0,864,0,864,0,0,0,0,864,864,864,1952,1952
864,864,864,864,864,864,108864,864,0,864,0,864,0,0,0,0,864,864,864,2016,2016
928,0,0,0,0,0,0,0,0,0,0,0,0,0,0,0,928,0,928,32,32
928,0,0,0,0,0,0,0,0,0,0,0,0,0,0,0,928,0,928,96,96
928,0,0,0,0,0,0,0,0,0,0,0,0,0,0,0,928,0,928,160,160
928,0,0,0,0,0,0,0,0,0,0,0,0,0,0,0,928,0,928,224,224
928,928,928,928,928,928,16704,928,0,928,0,928,0,0,0,0,928,928,928,288,288
928,0,0,0,0,0,0,0,0,0,0,0,0,0,0,0,928,0,928,352,352
928,0,0,0,0,0,0,0,0,0,0,0,0,0,0,0,928,0,928,416,416
928,928,928,928,928,928,27840,928,0,928,0,928,0,0,0,0,928,928,928,480,480
928,928,928,928,928,928,31552,928,0,928,0,928,0,0,0,0,928,928,928,544,544
928,0,0,0,0,0,0,0,0,0,0,0,0,0,0,0,928,0,928,608,608
928,0,0,0,0,0,0,0,0,0,0,0,0,0,0,0,928,0,928,672,672
928,928,928,928,928,928,42688,928,0,928,0,928,0,0,0,0,928,928,928,736,736
928,0,0,0,0,0,0,0,0,0,0,0,0,0,0,0,928,0,928,800,800
928,0,0,0,0,0,0,0,0,0,0,0,0,0,0,0,928,0,928,864,864
928,0,0,0,0,0,0,0,0,0,0,0,0,0,0,0,928,0,928,928,928
928,0,0,0,0,0,0,0,0,0,0,0,0,0,0,0,928,0,928,992,992
928,0,0,0,0,0,0,0,0,0,0,0,0,0,0,0,928,0,928,1056,1056
928,928,928,928,928,928,64960,928,0,928,0,928,0,0,0,0,928,928,928,1120,1120
928,0,0,0,0,0,0,0,0,0,0,0,0,0,0,0,928,0,928,1184,1184
928,928,928,928,928,928,72384,928,0,928,0,928,0,0,0,0,928,928,928,1248,1248
928,928,928,928,928,928,76096,928,0,928,0,928,0,0,0,0,928,928,928,1312,1312
928,0,0,0,0,0,0,0,0,0,0,0,0,0,0,0,928,0,928,1376,1376
928,928,928,928,928,928,83520,928,0,928,0,928,0,0,0,0,928,928,928,1440,1440
928,928,928,928,928,928,87232,928,0,928,0,928,0,0,0,0,928,928,928,1504,1504
928,928,928,928,928,928,90944,928,0,928,0,928,0,0,0,0,928,928,928,1568,1568
928,928,928,928,928,928,94656,928,0,928,0,928,0,0,0,0,928,928,928,1632,1632
928,928,928,928,928,928,98368,928,0,928,0,928,0,0,0,0,928,928,928,1696,1696
928,928,928,928,928,928,102080,928,0,928,0,928,0,0,0,0,928,928,928,1760,1760
928,928,928,928,928,928,105792,928,0,928,0,928,0,0,0,0,928,928,928,1824,1824
928,928,928,928,928,928,109504,928,0,928,0,928,0,0,0,0,928,928,928,1888,1888
928,928,928,928,928,928,113216,928,0,928,0,928,0,0,0,0,928,928,928,1952,1952
928,928,928,928,928,928,116928,928,0,928,0,928,0,0,0,0,928,928,928,2016,2016
992,0,0,0,0,0,0,0,0,0,0,0,0,0,0,0,992,0,992,32,32
992,0,0,0,0,0,0,0,0,0,0,0,0,0,0,0,992,0,992,96,96
992,0,0,0,0,0,0,0,0,0,0,0,0,0,0,0,992,0,992,160,160
992,0,0,0,0,0,0,0,0,0,0,0,0,0,0,0,992,0,992,224,224
992,0,0,0,0,0,0,0,0,0,0,0,0,0,0,0,992,0,992,288,288
992,0,0,0,0,0,0,0,0,0,0,0,0,0,0,0,992,0,992,352,352
992,992,992,992,992,992,25792,992,0,992,0,992,0,0,0,0,992,992,992,416,416
992,0,0,0,0,0,0,0,0,0,0,0,0,0,0,0,992,0,992,480,480
992,0,0,0,0,0,0,0,0,0,0,0,0,0,0,0,992,0,992,544,544
992,0,0,0,0,0,0,0,0,0,0,0,0,0,0,0,992,0,992,608,608
992,992,992,992,992,992,41664,992,0,992,0,992,0,0,0,0,992,992,992,672,672
992,992,992,992,992,992,45632,992,0,992,0,992,0,0,0,0,992,992,992,736,736
992,0,0,0,0,0,0,0,0,0,0,0,0,0,0,0,992,0,992,800,800
992,992,992,992,992,992,53568,992,0,992,0,992,0,0,0,0,992,992,992,864,864
992,0,0,0,0,0,0,0,0,0,0,0,0,0,0,0,992,0,992,928,928
992,0,0,0,0,0,0,0,0,0,0,0,0,0,0,0,992,0,992,992,992
992,992,992,992,992,992,65472,992,0,992,0,992,0,0,0,0,992,992,992,1056,1056
992,992,992,992,992,992,69440,992,0,992,0,992,0,0,0,0,992,992,992,1120,1120
992,992,992,992,992,992,73408,992,0,992,0,992,0,0,0,0,992,992,992,1184,1184
992,0,0,0,0,0,0,0,0,0,0,0,0,0,0,0,992,0,992,1248,1248
992,992,992,992,992,992,81344,992,0,992,0,992,0,0,0,0,992,992,992,1312,1312
992,0,0,0,0,0,0,0,0,0,0,0,0,0,0,0,992,0,992,1376,1376
992,992,992,992,992,992,89280,992,0,992,0,992,0,0,0,0,992,992,992,1440,1440
992,992,992,992,992,992,93248,992,0,992,0,992,0,0,0,0,992,992,992,1504,1504
992,992,992,992,992,992,97216,992,0,992,0,992,0,0,0,0,992,992,992,1568,1568
992,992,992,992,992,992,101184,992,0,992,0,992,0,0,0,0,992,992,992,1632,1632
992,992,992,992,992,992,105152,992,0,992,0,992,0,0,0,0,992,992,992,1696,1696
992,992,992,992,992,992,109120,992,0,992,0,992,0,0,0,0,992,992,992,1760,1760
992,992,992,992,992,992,113088,992,0,992,0,992,0,0,0,0,992,992,992,1824,1824
992,992,992,992,992,992,117056,992,0,992,0,992,0,0,0,0,992,992,992,1888,1888
992,992,992,992,992,992,121024,992,0,992,0,992,0,0,0,0,992,992,992,1952,1952
992,992,992,992,992,992,124992,992,0,992,0,992,0,0,0,0,992,992,992,2016,2016
1056,0,0,0,0,0,0,0,0,0,0,0,0,0,0,0,1056,0,1056,32,32
1056,0,0,0,0,0,0,0,0,0,0,0,0,0,0,0,1056,0,1056,96,96
1056,0,0,0,0,0,0,0,0,0,0,0,0,0,0,0,1056,0,1056,160,160
1056,0,0,0,0,0,0,0,0,0,0,0,0,0,0,0,1056,0,1056,224,224
1056,0,0,0,0,0,0,0,0,0,0,0,0,0,0,0,1056,0,1056,288,288
1056,0,0,0,0,0,0,0,0,0,0,0,0,0,0,0,1056,0,1056,352,352
1056,1056,1056,1056,1056,1056,27456,1056,0,1056,0,1056,0,0,0,0,1056,1056,1056,416,416
1056,1056,1056,1056,1056,1056,31680,1056,0,1056,0,1056,0,0,0,0,1056,1056,1056,480,480
1056,0,0,0,0,0,0,0,0,0,0,0,0,0,0,0,1056,0,1056,544,544
1056,1056,1056,1056,1056,1056,40128,1056,0,1056,0,1056,0,0,0,0,1056,1056,1056,608,608
1056,0,0,0,0,0,0,0,0,0,0,0,0,0,0,0,1056,0,1056,672,672
1056,0,0,0,0,0,0,0,0,0,0,0,0,0,0,0,1056,0,1056,736,736
1056,0,0,0,0,0,0,0,0,0,0,0,0,0,0,0,1056,0,1056,800,800
1056,0,0,0,0,0,0,0,0,0,0,0,0,0,0,0,1056,0,1056,864,864
1056,0,0,0,0,0,0,0,0,0,0,0,0,0,0,0,1056,0,1056,928,928
1056,1056,1056,1056,1056,1056,65472,1056,0,1056,0,1056,0,0,0,0,1056,1056,1056,992,992
1056,1056,1056,1056,1056,1056,69696,1056,0,1056,0,1056,0,0,0,0,1056,1056,1056,1056,1056
1056,0,0,0,0,0,0,0,0,0,0,0,0,0,0,0,1056,0,1056,1120,1120
1056,1056,1056,1056,1056,1056,78144,1056,0,1056,0,1056,0,0,0,0,1056,1056,1056,1184,1184
1056,1056,1056,1056,1056,1056,82368,1056,0,1056,0,1056,0,0,0,0,1056,1056,1056,1248,1248
1056,1056,1056,1056,1056,1056,86592,1056,0,1056,0,1056,0,0,0,0,1056,1056,1056,1312,1312
1056,0,0,0,0,0,0,0,0,0,0,0,0,0,0,0,1056,0,1056,1376,1376
1056,1056,1056,1056,1056,1056,95040,1056,0,1056,0,1056,0,0,0,0,1056,1056,1056,1440,1440
1056,0,0,0,0,0,0,0,0,0,0,0,0,0,0,0,1056,0,1056,1504,1504
1056,1056,1056,1056,1056,1056,103488,1056,0,1056,0,1056,0,0,0,0,1056,1056,1056,1568,1568
1056,1056,1056,1056,1056,1056,107712,1056,0,1056,0,1056,0,0,0,0,1056,1056,1056,1632,1632
1056,1056,1056,1056,1056,1056,111936,1056,0,1056,0,1056,0,0,0,0,1056,1056,1056,1696,1696
1056,1056,1056,1056,1056,1056,116160,1056,0,1056,0,1056,0,0,0,0,1056,1056,1056,1760,1760
1056,1056,1056,1056,1056,1056,120384,1056,0,1056,0,1056,0,0,0,0,1056,1056,1056,1824,1824
1056,1056,1056,1056,1056,1056,124608,1056,0,1056,0,1056,0,0,0,0,1056,1056,1056,1888,1888
1056,1056,1056,1056,1056,1056,128832,1056,0,1056,0,1056,0,0,0,0,1056,1056,1056,1952,1952
1056,1056,1056,1056,1056,1056,133056,1056,0,1056,0,1056,0,0,0,0,1056,1056,1056,2016,2016
1120,0,0,0,0,0,0,0,0,0,0,0,0,0,0,0,1120,0,1120,32,32
1120,0,0,0,0,0,0,0,0,0,0,0,0,0,0,0,1120,0,1120,96,96
1120,0,0,0,0,0,0,0,0,0,0,0,0,0,0,0,1120,0,1120,160,160
1120,0,0,0,0,0,0,0,0,0,0,0,0,0,0,0,1120,0,1120,224,224
1120,1120,1120,1120,1120,1120,20160,1120,0,1120,0,1120,0,0,0,0,1120,1120,1120,288,288
1120,1120,1120,1120,1120,1120,24640,1120,0,1120,0,1120,0,0,0,0,1120,1120,1120,352,352
1120,0,0,0,0,0,0,0,0,0,0,0,0,0,0,0,1120,0,1120,416,416
1120,1120,1120,1120,1120,1120,33600,1120,0,1120,0,1120,0,0,0,0,1120,1120,1120,480,480
1120,0,0,0,0,0,0,0,0,0,0,0,0,0,0,0,1120,0,1120,544,544
1120,1120,1120,1120,1120,1120,42560,1120,0,1120,0,1120,0,0,0,0,1120,1120,1120,608,608
1120,0,0,0,0,0,0,0,0,0,0,0,0,0,0,0,1120,0,1120,672,672
1120,0,0,0,0,0,0,0,0,0,0,0,0,0,0,0,1120,0,1120,736,736
1120,1120,1120,1120,1120,1120,56000,1120,0,1120,0,1120,0,0,0,0,1120,1120,1120,800,800
1120,0,0,0,0,0,0,0,0,0,0,0,0,0,0,0,1120,0,1120,864,864
1120,1120,1120,1120,1120,1120,64960,1120,0,1120,0,1120,0,0,0,0,1120,1120,1120,928,928
1120,0,0,0,0,0,0,0,0,0,0,0,0,0,0,0,1120,0,1120,992,992
1120,1120,1120,1120,1120,1120,73920,1120,0,1120,0,1120,0,0,0,0,1120,1120,1120,1056,1056
1120,0,0,0,0,0,0,0,0,0,0,0,0,0,0,0,1120,0,1120,1120,1120
1120,0,0,0,0,0,0,0,0,0,0,0,0,0,0,0,1120,0,1120,1184,1184
1120,1120,1120,1120,1120,1120,87360,1120,0,1120,0,1120,0,0,0,0,1120,1120,1120,1248,1248
1120,1120,1120,1120,1120,1120,91840,1120,0,1120,0,1120,0,0,0,0,1120,1120,1120,1312,1312
1120,1120,1120,1120,1120,1120,96320,1120,0,1120,0,1120,0,0,0,0,1120,1120,1120,1376,1376
1120,1120,1120,1120,1120,1120,100800,1120,0,1120,0,1120,0,0,0,0,1120,1120,1120,1440,1440
1120,0,0,0,0,0,0,0,0,0,0,0,0,0,0,0,1120,0,1120,1504,1504
1120,1120,1120,1120,1120,1120,109760,1120,0,1120,0,1120,0,0,0,0,1120,1120,1120,1568,1568
1120,1120,1120,1120,1120,1120,114240,1120,0,1120,0,1120,0,0,0,0,1120,1120,1120,1632,1632
1120,1120,1120,1120,1120,1120,118720,1120,0,1120,0,1120,0,0,0,0,1120,1120,1120,1696,1696
1120,1120,1120,1120,1120,1120,123200,1120,0,1120,0,1120,0,0,0,0,1120,1120,1120,1760,1760
1120,1120,1120,1120,1120,1120,127680,1120,0,1120,0,1120,0,0,0,0,1120,1120,1120,1824,1824
1120,1120,1120,1120,1120,1120,132160,1120,0,1120,0,1120,0,0,0,0,1120,1120,1120,1888,1888
1120,1120,1120,1120,1120,1120,136640,1120,0,1120,0,1120,0,0,0,0,1120,1120,1120,1952,1952
1120,1120,1120,1120,1120,1120,141120,1120,0,1120,0,1120,0,0,0,0,1120,1120,1120,2016,2016
1184,0,0,0,0,0,0,0,0,0,0,0,0,0,0,0,1184,0,1184,32,32
1184,0,0,0,0,0,0,0,0,0,0,0,0,0,0,0,1184,0,1184,96,96
1184,0,0,0,0,0,0,0,0,0,0,0,0,0,0,0,1184,0,1184,160,160
1184,0,0,0,0,0,0,0,0,0,0,0,0,0,0,0,1184,0,1184,224,224
1184,0,0,0,0,0,0,0,0,0,0,0,0,0,0,0,1184,0,1184,288,288
1184,0,0,0,0,0,0,0,0,0,0,0,0,0,0,0,1184,0,1184,352,352
1184,0,0,0,0,0,0,0,0,0,0,0,0,0,0,0,1184,0,1184,416,416
1184,0,0,0,0,0,0,0,0,0,0,0,0,0,0,0,1184,0,1184,480,480
1184,0,0,0,0,0,0,0,0,0,0,0,0,0,0,0,1184,0,1184,544,544
1184,0,0,0,0,0,0,0,0,0,0,0,0,0,0,0,1184,0,1184,608,608
1184,0,0,0,0,0,0,0,0,0,0,0,0,0,0,0,1184,0,1184,672,672
1184,1184,1184,1184,1184,1184,54464,1184,0,1184,0,1184,0,0,0,0,1184,1184,1184,736,736
1184,1184,1184,1184,1184,1184,59200,1184,0,1184,0,1184,0,0,0,0,1184,1184,1184,800,800
1184,0,0,0,0,0,0,0,0,0,0,0,0,0,0,0,1184,0,1184,864,864
1184,1184,1184,1184,1184,1184,68672,1184,0,1184,0,1184,0,0,0,0,1184,1184,1184,928,928
1184,1184,1184,1184,1184,1184,73408,1184,0,1184,0,1184,0,0,0,0,1184,1184,1184,992,992
1184,1184,1184,1184,1184,1184,78144,1184,0,1184,0,1184,0,0,0,0,1184,1184,1184,1056,1056
1184,1184,1184,1184,1184,1184,82880,1184,0,1184,0,1184,0,0,0,0,1184,1184,1184,1120,1120
1184,0,0,0,0,0,0,0,0,0,0,0,0,0,0,0,1184,0,1184,1184,1184
1184,0,0,0,0,0,0,0,0,0,0,0,0,0,0,0,1184,0,1184,1248,1248
1184,0,0,0,0,0,0,0,0,0,0,0,0,0,0,0,1184,0,1184,1312,1312
1184,1184,1184,1184,1184,1184,101824,1184,0,1184,0,1184,0,0,0,0,1184,1184,1184,1376,1376
1184,1184,1184,1184,1184,1184,106560,1184,0,1184,0,1184,0,0,0,0,1184,1184,1184,1440,1440
1184,1184,1184,1184,1184,1184,111296,1184,0,1184,0,1184,0,0,0,0,1184,1184,1184,1504,1504
1184,1184,1184,1184,1184,1184,116032,1184,0,1184,0,1184,0,0,0,0,1184,1184,1184,1568,1568
1184,1184,1184,1184,1184,1184,120768,1184,0,1184,0,1184,0,0,0,0,1184,1184,1184,1632,1632
1184,0,0,0,0,0,0,0,0,0,0,0,0,0,0,0,1184,0,1184,1696,1696
1184,1184,1184,1184,1184,1184,130240,1184,0,1184,0,1184,0,0,0,0,1184,1184,1184,1760,1760
1184,1184,1184,1184,1184,1184,134976,1184,0,1184,0,1184,0,0,0,0,1184,1184,1184,1824,1824
1184,1184,1184,1184,1184,1184,139712,1184,0,1184,0,1184,0,0,0,0,1184,1184,1184,1888,1888
1184,1184,1184,1184,1184,1184,144448,1184,0,1184,0,1184,0,0,0,0,1184,1184,1184,1952,1952
1184,1184,1184,1184,1184,1184,149184,1184,0,1184,0,1184,0,0,0,0,1184,1184,1184,2016,2016
1248,0,0,0,0,0,0,0,0,0,0,0,0,0,0,0,1248,0,1248,32,32
1248,0,0,0,0,0,0,0,0,0,0,0,0,0,0,0,1248,0,1248,96,96
1248,0,0,0,0,0,0,0,0,0,0,0,0,0,0,0,1248,0,1248,160,160
1248,0,0,0,0,0,0,0,0,0,0,0,0,0,0,0,1248,0,1248,224,224
1248,0,0,0,0,0,0,0,0,0,0,0,0,0,0,0,1248,0,1248,288,288
1248,0,0,0,0,0,0,0,0,0,0,0,0,0,0,0,1248,0,1248,352,352
1248,0,0,0,0,0,0,0,0,0,0,0,0,0,0,0,1248,0,1248,416,416
1248,1248,1248,1248,1248,1248,37440,1248,0,1248,0,1248,0,0,0,0,1248,1248,1248,480,480
1248,0,0,0,0,0,0,0,0,0,0,0,0,0,0,0,1248,0,1248,544,544
1248,0,0,0,0,0,0,0,0,0,0,0,0,0,0,0,1248,0,1248,608,608
1248,0,0,0,0,0,0,0,0,0,0,0,0,0,0,0,1248,0,1248,672,672
1248,0,0,0,0,0,0,0,0,0,0,0,0,0,0,0,1248,0,1248,736,736
1248,0,0,0,0,0,0,0,0,0,0,0,0,0,0,0,1248,0,1248,800,800
1248,1248,1248,1248,1248,1248,67392,1248,0,1248,0,1248,0,0,0,0,1248,1248,1248,864,864
1248,0,0,0,0,0,0,0,0,0,0,0,0,0,0,0,1248,0,1248,928,928
1248,0,0,0,0,0,0,0,0,0,0,0,0,0,0,0,1248,0,1248,992,992
1248,0,0,0,0,0,0,0,0,0,0,0,0,0,0,0,1248,0,1248,1056,1056
1248,0,0,0,0,0,0,0,0,0,0,0,0,0,0,0,1248,0,1248,1120,1120
1248,1248,1248,1248,1248,1248,92352,1248,0,1248,0,1248,0,0,0,0,1248,1248,1248,1184,1184
1248,1248,1248,1248,1248,1248,97344,1248,0,1248,0,1248,0,0,0,0,1248,1248,1248,1248,1248
1248,1248,1248,1248,1248,1248,102336,1248,0,1248,0,1248,0,0,0,0,1248,1248,1248,1312,1312
1248,1248,1248,1248,1248,1248,107328,1248,0,1248,0,1248,0,0,0,0,1248,1248,1248,1376,1376
1248,1248,1248,1248,1248,1248,112320,1248,0,1248,0,1248,0,0,0,0,1248,1248,1248,1440,1440
1248,1248,1248,1248,1248,1248,117312,1248,0,1248,0,1248,0,0,0,0,1248,1248,1248,1504,1504
1248,1248,1248,1248,1248,1248,122304,1248,0,1248,0,1248,0,0,0,0,1248,1248,1248,1568,1568
1248,1248,1248,1248,1248,1248,127296,1248,0,1248,0,1248,0,0,0,0,1248,1248,1248,1632,1632
1248,1248,1248,1248,1248,1248,132288,1248,0,1248,0,1248,0,0,0,0,1248,1248,1248,1696,1696
1248,1248,1248,1248,1248,1248,137280,1248,0,1248,0,1248,0,0,0,0,1248,1248,1248,1760,1760
1248,1248,1248,1248,1248,1248,142272,1248,0,1248,0,1248,0,0,0,0,1248,1248,1248,1824,1824
1248,1248,1248,1248,1248,1248,147264,1248,0,1248,0,1248,0,0,0,0,1248,1248,1248,1888,1888
1248,1248,1248,1248,1248,1248,152256,1248,0,1248,0,1248,0,0,0,0,1248,1248,1248,1952,1952
1248,1248,1248,1248,1248,1248,157248,1248,0,1248,0,1248,0,0,0,0,1248,1248,1248,2016,2016
1312,0,0,0,0,0,0,0,0,0,0,0,0,0,0,0,1312,0,1312,32,32
1312,0,0,0,0,0,0,0,0,0,0,0,0,0,0,0,1312,0,1312,96,96
1312,0,0,0,0,0,0,0,0,0,0,0,0,0,0,0,1312,0,1312,160,160
1312,0,0,0,0,0,0,0,0,0,0,0,0,0,0,0,1312,0,1312,224,224
1312,0,0,0,0,0,0,0,0,0,0,0,0,0,0,0,1312,0,1312,288,288
1312,0,0,0,0,0,0,0,0,0,0,0,0,0,0,0,1312,0,1312,352,352
1312,1312,1312,1312,1312,1312,34112,1312,0,1312,0,1312,0,0,0,0,1312,1312,1312,416,416
1312,1312,1312,1312,1312,1312,39360,1312,0,1312,0,1312,0,0,0,0,1312,1312,1312,480,480
1312,0,0,0,0,0,0,0,0,0,0,0,0,0,0,0,1312,0,1312,544,544
1312,0,0,0,0,0,0,0,0,0,0,0,0,0,0,0,1312,0,1312,608,608
1312,0,0,0,0,0,0,0,0,0,0,0,0,0,0,0,1312,0,1312,672,672
1312,0,0,0,0,0,0,0,0,0,0,0,0,0,0,0,1312,0,1312,736,736
1312,0,0,0,0,0,0,0,0,0,0,0,0,0,0,0,1312,0,1312,800,800
1312,0,0,0,0,0,0,0,0,0,0,0,0,0,0,0,1312,0,1312,864,864
1312,1312,1312,1312,1312,1312,76096,1312,0,1312,0,1312,0,0,0,0,1312,1312,1312,928,928
1312,0,0,0,0,0,0,0,0,0,0,0,0,0,0,0,1312,0,1312,992,992
1312,0,0,0,0,0,0,0,0,0,0,0,0,0,0,0,1312,0,1312,1056,1056
1312,1312,1312,1312,1312,1312,91840,1312,0,1312,0,1312,0,0,0,0,1312,1312,1312,1120,1120
1312,0,0,0,0,0,0,0,0,0,0,0,0,0,0,0,1312,0,1312,1184,1184
1312,1312,1312,1312,1312,1312,102336,1312,0,1312,0,1312,0,0,0,0,1312,1312,1312,1248,1248
1312,1312,1312,1312,1312,1312,107584,1312,0,1312,0,1312,0,0,0,0,1312,1312,1312,1312,1312
1312,1312,1312,1312,1312,1312,112832,1312,0,1312,0,1312,0,0,0,0,1312,1312,1312,1376,1376
1312,1312,1312,1312,1312,1312,118080,1312,0,1312,0,1312,0,0,0,0,1312,1312,1312,1440,1440
1312,1312,1312,1312,1312,1312,123328,1312,0,1312,0,1312,0,0,0,0,1312,1312,1312,1504,1504
1312,1312,1312,1312,1312,1312,128576,1312,0,1312,0,1312,0,0,0,0,1312,1312,1312,1568,1568
1312,0,0,0,0,0,0,0,0,0,0,0,0,0,0,0,1312,0,1312,1632,1632
1312,1312,1312,1312,1312,1312,139072,1312,0,1312,0,1312,0,0,0,0,1312,1312,1312,1696,1696
1312,1312,1312,1312,1312,1312,144320,1312,0,1312,0,1312,0,0,0,0,1312,1312,1312,1760,1760
1312,1312,1312,1312,1312,1312,149568,1312,0,1312,0,1312,0,0,0,0,1312,1312,1312,1824,1824
1312,1312,1312,1312,1312,1312,154816,1312,0,1312,0,1312,0,0,0,0,1312,1312,1312,1888,1888
1312,1312,1312,1312,1312,1312,160064,1312,0,1312,0,1312,0,0,0,0,1312,1312,1312,1952,1952
1312,1312,1312,1312,1312,1312,165312,1312,0,1312,0,1312,0,0,0,0,1312,1312,1312,2016,2016
1376,0,0,0,0,0,0,0,0,0,0,0,0,0,0,0,1376,0,1376,32,32
1376,0,0,0,0,0,0,0,0,0,0,0,0,0,0,0,1376,0,1376,96,96
1376,0,0,0,0,0,0,0,0,0,0,0,0,0,0,0,1376,0,1376,160,160
1376,0,0,0,0,0,0,0,0,0,0,0,0,0,0,0,1376,0,1376,224,224
1376,0,0,0,0,0,0,0,0,0,0,0,0,0,0,0,1376,0,1376,288,288
1376,0,0,0,0,0,0,0,0,0,0,0,0,0,0,0,1376,0,1376,352,352
1376,0,0,0,0,0,0,0,0,0,0,0,0,0,0,0,1376,0,1376,416,416
1376,1376,1376,1376,1376,1376,41280,1376,0,1376,0,1376,0,0,0,0,1376,1376,1376,480,480
1376,0,0,0,0,0,0,0,0,0,0,0,0,0,0,0,1376,0,1376,544,544
1376,0,0,0,0,0,0,0,0,0,0,0,0,0,0,0,1376,0,1376,608,608
1376,0,0,0,0,0,0,0,0,0,0,0,0,0,0,0,1376,0,1376,672,672
1376,0,0,0,0,0,0,0,0,0,0,0,0,0,0,0,1376,0,1376,736,736
1376,1376,1376,1376,1376,1376,68800,1376,0,1376,0,1376,0,0,0,0,1376,1376,1376,800,800
1376,1376,1376,1376,1376,1376,74304,1376,0,1376,0,1376,0,0,0,0,1376,1376,1376,864,864
1376,0,0,0,0,0,0,0,0,0,0,0,0,0,0,0,1376,0,1376,928,928
1376,0,0,0,0,0,0,0,0,0,0,0,0,0,0,0,1376,0,1376,992,992
1376,1376,1376,1376,1376,1376,90816,1376,0,1376,0,1376,0,0,0,0,1376,1376,1376,1056,1056
1376,0,0,0,0,0,0,0,0,0,0,0,0,0,0,0,1376,0,1376,1120,1120
1376,0,0,0,0,0,0,0,0,0,0,0,0,0,0,0,1376,0,1376,1184,1184
1376,1376,1376,1376,1376,1376,107328,1376,0,1376,0,1376,0,0,0,0,1376,1376,1376,1248,1248
1376,1376,1376,1376,1376,1376,112832,1376,0,1376,0,1376,0,0,0,0,1376,1376,1376,1312,1312
1376,1376,1376,1376,1376,1376,118336,1376,0,1376,0,1376,0,0,0,0,1376,1376,1376,1376,1376
1376,1376,1376,1376,1376,1376,123840,1376,0,1376,0,1376,0,0,0,0,1376,1376,1376,1440,1440
1376,1376,1376,1376,1376,1376,129344,1376,0,1376,0,1376,0,0,0,0,1376,1376,1376,1504,1504
1376,1376,1376,1376,1376,1376,134848,1376,0,1376,0,1376,0,0,0,0,1376,1376,1376,1568,1568
1376,1376,1376,1376,1376,1376,140352,1376,0,1376,0,1376,0,0,0,0,1376,1376,1376,1632,1632
1376,1376,1376,1376,1376,1376,145856,1376,0,1376,0,1376,0,0,0,0,1376,1376,1376,1696,1696
1376,1376,1376,1376,1376,1376,151360,1376,0,1376,0,1376,0,0,0,0,1376,1376,1376,1760,1760
1376,1376,1376,1376,1376,1376,156864,1376,0,1376,0,1376,0,0,0,0,1376,1376,1376,1824,1824
1376,1376,1376,1376,1376,1376,162368,1376,0,1376,0,1376,0,0,0,0,1376,1376,1376,1888,1888
1376,1376,1376,1376,1376,1376,167872,1376,0,1376,0,1376,0,0,0,0,1376,1376,1376,1952,1952
1376,1376,1376,1376,1376,1376,173376,1376,0,1376,0,1376,0,0,0,0,1376,1376,1376,2016,2016
1440,0,0,0,0,0,0,0,0,0,0,0,0,0,0,0,1440,0,1440,32,32
1440,0,0,0,0,0,0,0,0,0,0,0,0,0,0,0,1440,0,1440,96,96
1440,0,0,0,0,0,0,0,0,0,0,0,0,0,0,0,1440,0,1440,160,160
1440,0,0,0,0,0,0,0,0,0,0,0,0,0,0,0,1440,0,1440,224,224
1440,0,0,0,0,0,0,0,0,0,0,0,0,0,0,0,1440,0,1440,288,288
1440,1440,1440,1440,1440,1440,31680,1440,0,1440,0,1440,0,0,0,0,1440,1440,1440,352,352
1440,1440,1440,1440,1440,1440,37440,1440,0,1440,0,1440,0,0,0,0,1440,1440,1440,416,416
1440,1440,1440,1440,1440,1440,43200,1440,0,1440,0,1440,0,0,0,0,1440,1440,1440,480,480
1440,1440,1440,1440,1440,1440,48960,1440,0,1440,0,1440,0,0,0,0,1440,1440,1440,544,544
1440,1440,1440,1440,1440,1440,54720,1440,0,1440,0,1440,0,0,0,0,1440,1440,1440,608,608
1440,0,0,0,0,0,0,0,0,0,0,0,0,0,0,0,1440,0,1440,672,672
1440,0,0,0,0,0,0,0,0,0,0,0,0,0,0,0,1440,0,1440,736,736
1440,0,0,0,0,0,0,0,0,0,0,0,0,0,0,0,1440,0,1440,800,800
1440,1440,1440,1440,1440,1440,77760,1440,0,1440,0,1440,0,0,0,0,1440,1440,1440,864,864
1440,1440,1440,1440,1440,1440,83520,1440,0,1440,0,1440,0,0,0,0,1440,1440,1440,928,928
1440,1440,1440,1440,1440,1440,89280,1440,0,1440,0,1440,0,0,0,0,1440,1440,1440,992,992
1440,0,0,0,0,0,0,0,0,0,0,0,0,0,0,0,1440,0,1440,1056,1056
1440,1440,1440,1440,1440,1440,100800,1440,0,1440,0,1440,0,0,0,0,1440,1440,1440,1120,1120
1440,0,0,0,0,0,0,0,0,0,0,0,0,0,0,0,1440,0,1440,1184,1184
1440,1440,1440,1440,1440,1440,112320,1440,0,1440,0,1440,0,0,0,0,1440,1440,1440,1248,1248
1440,1440,1440,1440,1440,1440,118080,1440,0,1440,0,1440,0,0,0,0,1440,1440,1440,1312,1312
1440,1440,1440,1440,1440,1440,123840,1440,0,1440,0,1440,0,0,0,0,1440,1440,1440,1376,1376
1440,1440,1440,1440,1440,1440,129600,1440,0,1440,0,1440,0,0,0,0,1440,1440,1440,1440,1440
1440,1440,1440,1440,1440,1440,135360,1440,0,1440,0,1440,0,0,0,0,1440,1440,1440,1504,1504
1440,0,0,0,0,0,0,0,0,0,0,0,0,0,0,0,1440,0,1440,1568,1568
1440,0,0,0,0,0,0,0,0,0,0,0,0,0,0,0,1440,0,1440,1632,1632
1440,1440,1440,1440,1440,1440,152640,1440,0,1440,0,1440,0,0,0,0,1440,1440,1440,1696,1696
1440,1440,1440,1440,1440,1440,158400,1440,0,1440,0,1440,0,0,0,0,1440,1440,1440,1760,1760
1440,1440,1440,1440,1440,1440,164160,1440,0,1440,0,1440,0,0,0,0,1440,1440,1440,1824,1824
1440,1440,1440,1440,1440,1440,169920,1440,0,1440,0,1440,0,0,0,0,1440,1440,1440,1888,1888
1440,1440,1440,1440,1440,1440,175680,1440,0,1440,0,1440,0,0,0,0,1440,1440,1440,1952,1952
1440,1440,1440,1440,1440,1440,181440,1440,0,1440,0,1440,0,0,0,0,1440,1440,1440,2016,2016
1504,0,0,0,0,0,0,0,0,0,0,0,0,0,0,0,1504,0,1504,32,32
1504,0,0,0,0,0,0,0,0,0,0,0,0,0,0,0,1504,0,1504,96,96
1504,0,0,0,0,0,0,0,0,0,0,0,0,0,0,0,1504,0,1504,160,160
1504,0,0,0,0,0,0,0,0,0,0,0,0,0,0,0,1504,0,1504,224,224
1504,0,0,0,0,0,0,0,0,0,0,0,0,0,0,0,1504,0,1504,288,288
1504,0,0,0,0,0,0,0,0,0,0,0,0,0,0,0,1504,0,1504,352,352
1504,0,0,0,0,0,0,0,0,0,0,0,0,0,0,0,1504,0,1504,416,416
1504,0,0,0,0,0,0,0,0,0,0,0,0,0,0,0,1504,0,1504,480,480
1504,1504,1504,1504,1504,1504,51136,1504,0,1504,0,1504,0,0,0,0,1504,1504,1504,544,544
1504,0,0,0,0,0,0,0,0,0,0,0,0,0,0,0,1504,0,1504,608,608
1504,0,0,0,0,0,0,0,0,0,0,0,0,0,0,0,1504,0,1504,672,672
1504,1504,1504,1504,1504,1504,69184,1504,0,1504,0,1504,0,0,0,0,1504,1504,1504,736,736
1504,0,0,0,0,0,0,0,0,0,0,0,0,0,0,0,1504,0,1504,800,800
1504,1504,1504,1504,1504,1504,81216,1504,0,1504,0,1504,0,0,0,0,1504,1504,1504,864,864
1504,1504,1504,1504,1504,1504,87232,1504,0,1504,0,1504,0,0,0,0,1504,1504,1504,928,928
1504,0,0,0,0,0,0,0,0,0,0,0,0,0,0,0,1504,0,1504,992,992
1504,0,0,0,0,0,0,0,0,0,0,0,0,0,0,0,1504,0,1504,1056,1056
1504,1504,1504,1504,1504,1504,105280,1504,0,1504,0,1504,0,0,0,0,1504,1504,1504,1120,1120
1504,1504,1504,1504,1504,1504,111296,1504,0,1504,0,1504,0,0,0,0,1504,1504,1504,1184,1184
1504,0,0,0,0,0,0,0,0,0,0,0,0,0,0,0,1504,0,1504,1248,1248
1504,1504,1504,1504,1504,1504,123328,1504,0,1504,0,1504,0,0,0,0,1504,1504,1504,1312,1312
1504,1504,1504,1504,1504,1504,129344,1504,0,1504,0,1504,0,0,0,0,1504,1504,1504,1376,1376
1504,0,0,0,0,0,0,0,0,0,0,0,0,0,0,0,1504,0,1504,1440,1440
1504,1504,1504,1504,1504,1504,141376,1504,0,1504,0,1504,0,0,0,0,1504,1504,1504,1504,1504
1504,1504,1504,1504,1504,1504,147392,1504,0,1504,0,1504,0,0,0,0,1504,1504,1504,1568,1568
1504,1504,1504,1504,1504,1504,153408,1504,0,1504,0,1504,0,0,0,0,1504,1504,1504,1632,1632
1504,1504,1504,1504,1504,1504,159424,1504,0,1504,0,1504,0,0,0,0,1504,1504,1504,1696,1696
1504,1504,1504,1504,1504,1504,165440,1504,0,1504,0,1504,0,0,0,0,1504,1504,1504,1760,1760
1504,1504,1504,1504,1504,1504,171456,1504,0,1504,0,1504,0,0,0,0,1504,1504,1504,1824,1824
1504,1504,1504,1504,1504,1504,177472,1504,0,1504,0,1504,0,0,0,0,1504,1504,1504,1888,1888
1504,1504,1504,1504,1504,1504,183488,1504,0,1504,0,1504,0,0,0,0,1504,1504,1504,1952,1952
1504,1504,1504,1504,1504,1504,189504,1504,0,1504,0,1504,0,0,0,0,1504,1504,1504,2016,2016
1568,0,0,0,0,0,0,0,0,0,0,0,0,0,0,0,1568,0,1568,32,32
1568,0,0,0,0,0,0,0,0,0,0,0,0,0,0,0,1568,0,1568,96,96
1568,0,0,0,0,0,0,0,0,0,0,0,0,0,0,0,1568,0,1568,160,160
1568,1568,1568,1568,1568,1568,21952,1568,0,1568,0,1568,0,0,0,0,1568,1568,1568,224,224
1568,0,0,0,0,0,0,0,0,0,0,0,0,0,0,0,1568,0,1568,288,288
1568,1568,1568,1568,1568,1568,34496,1568,0,1568,0,1568,0,0,0,0,1568,1568,1568,352,352
1568,0,0,0,0,0,0,0,0,0,0,0,0,0,0,0,1568,0,1568,416,416
1568,1568,1568,1568,1568,1568,47040,1568,0,1568,0,1568,0,0,0,0,1568,1568,1568,480,480
1568,0,0,0,0,0,0,0,0,0,0,0,0,0,0,0,1568,0,1568,544,544
1568,0,0,0,0,0,0,0,0,0,0,0,0,0,0,0,1568,0,1568,608,608
1568,0,0,0,0,0,0,0,0,0,0,0,0,0,0,0,1568,0,1568,672,672
1568,1568,1568,1568,1568,1568,72128,1568,0,1568,0,1568,0,0,0,0,1568,1568,1568,736,736
1568,0,0,0,0,0,0,0,0,0,0,0,0,0,0,0,1568,0,1568,800,800
1568,1568,1568,1568,1568,1568,84672,1568,0,1568,0,1568,0,0,0,0,1568,1568,1568,864,864
1568,1568,1568,1568,1568,1568,90944,1568,0,1568,0,1568,0,0,0,0,1568,1568,1568,928,928
1568,1568,1568,1568,1568,1568,97216,1568,0,1568,0,1568,0,0,0,0,1568,1568,1568,992,992
1568,0,0,0,0,0,0,0,0,0,0,0,0,0,0,0,1568,0,1568,1056,1056
1568,1568,1568,1568,1568,1568,109760,1568,0,1568,0,1568,0,0,0,0,1568,1568,1568,1120,1120
1568,1568,1568,1568,1568,1568,116032,1568,0,1568,0,1568,0,0,0,0,1568,1568,1568,1184,1184
1568,1568,1568,1568,1568,1568,122304,1568,0,1568,0,1568,0,0,0,0,1568,1568,1568,1248,1248
1568,0,0,0,0,0,0,0,0,0,0,0,0,0,0,0,1568,0,1568,1312,1312
1568,0,0,0,0,0,0,0,0,0,0,0,0,0,0,0,1568,0,1568,1376,1376
1568,1568,1568,1568,1568,1568,141120,1568,0,1568,0,1568,0,0,0,0,1568,1568,1568,1440,1440
1568,1568,1568,1568,1568,1568,147392,1568,0,1568,0,1568,0,0,0,0,1568,1568,1568,1504,1504
1568,1568,1568,1568,1568,1568,153664,1568,0,1568,0,1568,0,0,0,0,1568,1568,1568,1568,1568
1568,1568,1568,1568,1568,1568,159936,1568,0,1568,0,1568,0,0,0,0,1568,1568,1568,1632,1632
1568,1568,1568,1568,1568,1568,166208,1568,0,1568,0,1568,0,0,0,0,1568,1568,1568,1696,1696
1568,1568,1568,1568,1568,1568,172480,1568,0,1568,0,1568,0,0,0,0,1568,1568,1568,1760,1760
1568,1568,1568,1568,1568,1568,178752,1568,0,1568,0,1568,0,0,0,0,1568,1568,1568,1824,1824
1568,1568,1568,1568,1568,1568,185024,1568,0,1568,0,1568,0,0,0,0,1568,1568,1568,1888,1888
1568,1568,1568,1568,1568,1568,191296,1568,0,1568,0,1568,0,0,0,0,1568,1568,1568,1952,1952
1568,1568,1568,1568,1568,1568,197568,1568,0,1568,0,1568,0,0,0,0,1568,1568,1568,2016,2016
1632,0,0,0,0,0,0,0,0,0,0,0,0,0,0,0,1632,0,1632,32,32
1632,0,0,0,0,0,0,0,0,0,0,0,0,0,0,0,1632,0,1632,96,96
1632,0,0,0,0,0,0,0,0,0,0,0,0,0,0,0,1632,0,1632,160,160
1632,1632,1632,1632,1632,1632,22848,1632,0,1632,0,1632,0,0,0,0,1632,1632,1632,224,224
1632,0,0,0,0,0,0,0,0,0,0,0,0,0,0,0,1632,0,1632,288,288
1632,1632,1632,1632,1632,1632,35904,1632,0,1632,0,1632,0,0,0,0,1632,1632,1632,352,352
1632,0,0,0,0,0,0,0,0,0,0,0,0,0,0,0,1632,0,1632,416,416
1632,1632,1632,1632,1632,1632,48960,1632,0,1632,0,1632,0,0,0,0,1632,1632,1632,480,480
1632,0,0,0,0,0,0,0,0,0,0,0,0,0,0,0,1632,0,1632,544,544
1632,0,0,0,0,0,0,0,0,0,0,0,0,0,0,0,1632,0,1632,608,608
1632,0,0,0,0,0,0,0,0,0,0,0,0,0,0,0,1632,0,1632,672,672
1632,0,0,0,0,0,0,0,0,0,0,0,0,0,0,0,1632,0,1632,736,736
1632,1632,1632,1632,1632,1632,81600,1632,0,1632,0,1632,0,0,0,0,1632,1632,1632,800,800
1632,0,0,0,0,0,0,0,0,0,0,0,0,0,0,0,1632,0,1632,864,864
1632,1632,1632,1632,1632,1632,94656,1632,0,1632,0,1632,0,0,0,0,1632,1632,1632,928,928
1632,0,0,0,0,0,0,0,0,0,0,0,0,0,0,0,1632,0,1632,992,992
1632,1632,1632,1632,1632,1632,107712,1632,0,1632,0,1632,0,0,0,0,1632,1632,1632,1056,1056
1632,1632,1632,1632,1632,1632,114240,1632,0,1632,0,1632,0,0,0,0,1632,1632,1632,1120,1120
1632,1632,1632,1632,1632,1632,120768,1632,0,1632,0,1632,0,0,0,0,1632,1632,1632,1184,1184
1632,1632,1632,1632,1632,1632,127296,1632,0,1632,0,1632,0,0,0,0,1632,1632,1632,1248,1248
1632,1632,1632,1632,1632,1632,133824,1632,0,1632,0,1632,0,0,0,0,1632,1632,1632,1312,1312
1632,0,0,0,0,0,0,0,0,0,0,0,0,0,0,0,1632,0,1632,1376,1376
1632,1632,1632,1632,1632,1632,146880,1632,0,1632,0,1632,0,0,0,0,1632,1632,1632,1440,1440
1632,1632,1632,1632,1632,1632,153408,1632,0,1632,0,1632,0,0,0,0,1632,1632,1632,1504,1504
1632,1632,1632,1632,1632,1632,159936,1632,0,1632,0,1632,0,0,0,0,1632,1632,1632,1568,1568
1632,1632,1632,1632,1632,1632,166464,1632,0,1632,0,1632,0,0,0,0,1632,1632,1632,1632,1632
1632,1632,1632,1632,1632,1632,172992,1632,0,1632,0,1632,0,0,0,0,1632,1632,1632,1696,1696
1632,1632,1632,1632,1632,1632,179520,1632,0,1632,0,1632,0,0,0,0,1632,1632,1632,1760,1760
1632,1632,1632,1632,1632,1632,186048,1632,0,1632,0,1632,0,0,0,0,1632,1632,1632,1824,1824
1632,1632,1632,1632,1632,1632,192576,1632,0,1632,0,1632,0,0,0,0,1632,1632,1632,1888,1888
1632,1632,1632,1632,1632,1632,199104,1632,0,1632,0,1632,0,0,0,0,1632,1632,1632,1952,1952
1632,1632,1632,1632,1632,1632,205632,1632,0,1632,0,1632,0,0,0,0,1632,1632,1632,2016,2016
1696,0,0,0,0,0,0,0,0,0,0,0,0,0,0,0,1696,0,1696,32,32
1696,0,0,0,0,0,0,0,0,0,0,0,0,0,0,0,1696,0,1696,96,96
1696,1696,1696,1696,1696,1696,16960,1696,0,1696,0,1696,0,0,0,0,1696,1696,1696,160,160
1696,0,0,0,0,0,0,0,0,0,0,0,0,0,0,0,1696,0,1696,224,224
1696,0,0,0,0,0,0,0,0,0,0,0,0,0,0,0,1696,0,1696,288,288
1696,0,0,0,0,0,0,0,0,0,0,0,0,0,0,0,1696,0,1696,352,352
1696,1696,1696,1696,1696,1696,44096,1696,0,1696,0,1696,0,0,0,0,1696,1696,1696,416,416
1696,0,0,0,0,0,0,0,0,0,0,0,0,0,0,0,1696,0,1696,480,480
1696,1696,1696,1696,1696,1696,57664,1696,0,1696,0,1696,0,0,0,0,1696,1696,1696,544,544
1696,0,0,0,0,0,0,0,0,0,0,0,0,0,0,0,1696,0,1696,608,608
1696,1696,1696,1696,1696,1696,71232,1696,0,1696,0,1696,0,0,0,0,1696,1696,1696,672,672
1696,1696,1696,1696,1696,1696,78016,1696,0,1696,0,1696,0,0,0,0,1696,1696,1696,736,736
1696,1696,1696,1696,1696,1696,84800,1696,0,1696,0,1696,0,0,0,0,1696,1696,1696,800,800
1696,1696,1696,1696,1696,1696,91584,1696,0,1696,0,1696,0,0,0,0,1696,1696,1696,864,864
1696,0,0,0,0,0,0,0,0,0,0,0,0,0,0,0,1696,0,1696,928,928
1696,0,0,0,0,0,0,0,0,0,0,0,0,0,0,0,1696,0,1696,992,992
1696,1696,1696,1696,1696,1696,111936,1696,0,1696,0,1696,0,0,0,0,1696,1696,1696,1056,1056
1696,1696,1696,1696,1696,1696,118720,1696,0,1696,0,1696,0,0,0,0,1696,1696,1696,1120,1120
